sample_name	scaffolds_path	contig_to_bin	t0_fw	t0_rv	fraction_1_16O_fw	fraction_1_16O_rv	fraction_2_16O_fw	fraction_2_16O_rv	fraction_3_16O_fw	fraction_3_16O_rv	fraction_4_16O_fw	fraction_4_16O_rv	fraction_5_16O_fw	fraction_5_16O_rv
WaterYear_AC3_D1_coass-16O-0-7	/groups/banfield/scratch/projects/environmental/spot/int/2023/assembly.d/pipeline/results/WaterYear_AC3_D1_coass-16O-0-7/WaterYear_AC3_D1_coass-16O-0-7_scaffold_min1000.fa	/groups/banfield/scratch/projects/environmental/spot/int/2023/bin.d/ggBin/results/WaterYear_AC3_D1_coass-16O-0-7/bins/dastool/results/WaterYear_AC3_D1_coass-16O-0-7.asm.fa.dastool/tables/WaterYear_AC3_D1_coass-16O-0-7.dastool.contig_to_bin.tsv	/groups/banfield/sequences/2023/WaterYear_AC3_D1_16O-0/raw.d/WaterYear_AC3_D1_16O-0_trim_clean.PE.1.fastq.gz	/groups/banfield/sequences/2023/WaterYear_AC3_D1_16O-0/raw.d/WaterYear_AC3_D1_16O-0_trim_clean.PE.2.fastq.gz	/groups/banfield/sequences/2023/WaterYear_AC3_D1_16O-7_1/raw.d/WaterYear_AC3_D1_16O-7_1_trim_clean.PE.1.fastq.gz	/groups/banfield/sequences/2023/WaterYear_AC3_D1_16O-7_1/raw.d/WaterYear_AC3_D1_16O-7_1_trim_clean.PE.2.fastq.gz	/groups/banfield/sequences/2023/WaterYear_AC3_D1_16O-7_2/raw.d/WaterYear_AC3_D1_16O-7_2_trim_clean.PE.1.fastq.gz	/groups/banfield/sequences/2023/WaterYear_AC3_D1_16O-7_2/raw.d/WaterYear_AC3_D1_16O-7_2_trim_clean.PE.2.fastq.gz	/groups/banfield/sequences/2023/WaterYear_AC3_D1_16O-7_3/raw.d/WaterYear_AC3_D1_16O-7_3_trim_clean.PE.1.fastq.gz	/groups/banfield/sequences/2023/WaterYear_AC3_D1_16O-7_3/raw.d/WaterYear_AC3_D1_16O-7_3_trim_clean.PE.2.fastq.gz	/groups/banfield/sequences/2023/WaterYear_AC3_D1_16O-7_4/raw.d/WaterYear_AC3_D1_16O-7_4_trim_clean.PE.1.fastq.gz	/groups/banfield/sequences/2023/WaterYear_AC3_D1_16O-7_4/raw.d/WaterYear_AC3_D1_16O-7_4_trim_clean.PE.2.fastq.gz	/groups/banfield/sequences/2023/WaterYear_AC3_D1_16O-7_5/raw.d/WaterYear_AC3_D1_16O-7_5_trim_clean.PE.1.fastq.gz	/groups/banfield/sequences/2023/WaterYear_AC3_D1_16O-7_5/raw.d/WaterYear_AC3_D1_16O-7_5_trim_clean.PE.2.fastq.gz
WaterYear_AC3_D3_coass-16O-0-7	/groups/banfield/scratch/projects/environmental/spot/int/2023/assembly.d/pipeline/results/WaterYear_AC3_D3_coass-16O-0-7/WaterYear_AC3_D3_coass-16O-0-7_scaffold_min1000.fa	/groups/banfield/scratch/projects/environmental/spot/int/2023/bin.d/ggBin/results/WaterYear_AC3_D3_coass-16O-0-7/bins/dastool/results/WaterYear_AC3_D3_coass-16O-0-7.asm.fa.dastool/tables/WaterYear_AC3_D3_coass-16O-0-7.dastool.contig_to_bin.tsv	/groups/banfield/sequences/2023/WaterYear_AC3_D3_16O-0/raw.d/WaterYear_AC3_D3_16O-0_trim_clean.PE.1.fastq.gz	/groups/banfield/sequences/2023/WaterYear_AC3_D3_16O-0/raw.d/WaterYear_AC3_D3_16O-0_trim_clean.PE.2.fastq.gz	/groups/banfield/sequences/2023/WaterYear_AC3_D3_16O-7_1/raw.d/WaterYear_AC3_D3_16O-7_1_trim_clean.PE.1.fastq.gz	/groups/banfield/sequences/2023/WaterYear_AC3_D3_16O-7_1/raw.d/WaterYear_AC3_D3_16O-7_1_trim_clean.PE.2.fastq.gz	/groups/banfield/sequences/2023/WaterYear_AC3_D3_16O-7_2/raw.d/WaterYear_AC3_D3_16O-7_2_trim_clean.PE.1.fastq.gz	/groups/banfield/sequences/2023/WaterYear_AC3_D3_16O-7_2/raw.d/WaterYear_AC3_D3_16O-7_2_trim_clean.PE.2.fastq.gz	/groups/banfield/sequences/2023/WaterYear_AC3_D3_16O-7_3/raw.d/WaterYear_AC3_D3_16O-7_3_trim_clean.PE.1.fastq.gz	/groups/banfield/sequences/2023/WaterYear_AC3_D3_16O-7_3/raw.d/WaterYear_AC3_D3_16O-7_3_trim_clean.PE.2.fastq.gz	/groups/banfield/sequences/2023/WaterYear_AC3_D3_16O-7_4/raw.d/WaterYear_AC3_D3_16O-7_4_trim_clean.PE.1.fastq.gz	/groups/banfield/sequences/2023/WaterYear_AC3_D3_16O-7_4/raw.d/WaterYear_AC3_D3_16O-7_4_trim_clean.PE.2.fastq.gz	/groups/banfield/sequences/2023/WaterYear_AC3_D3_16O-7_5/raw.d/WaterYear_AC3_D3_16O-7_5_trim_clean.PE.1.fastq.gz	/groups/banfield/sequences/2023/WaterYear_AC3_D3_16O-7_5/raw.d/WaterYear_AC3_D3_16O-7_5_trim_clean.PE.2.fastq.gz
WaterYear_AC3_D5_coass-16O-0-7	/groups/banfield/scratch/projects/environmental/spot/int/2023/assembly.d/pipeline/results/WaterYear_AC3_D5_coass-16O-0-7/WaterYear_AC3_D5_coass-16O-0-7_scaffold_min1000.fa	/groups/banfield/scratch/projects/environmental/spot/int/2023/bin.d/ggBin/results/WaterYear_AC3_D5_coass-16O-0-7/bins/dastool/results/WaterYear_AC3_D5_coass-16O-0-7.asm.fa.dastool/tables/WaterYear_AC3_D5_coass-16O-0-7.dastool.contig_to_bin.tsv	/groups/banfield/sequences/2023/WaterYear_AC3_D5_16O-0/raw.d/WaterYear_AC3_D5_16O-0_trim_clean.PE.1.fastq.gz	/groups/banfield/sequences/2023/WaterYear_AC3_D5_16O-0/raw.d/WaterYear_AC3_D5_16O-0_trim_clean.PE.2.fastq.gz	/groups/banfield/sequences/2023/WaterYear_AC3_D5_16O-7_1/raw.d/WaterYear_AC3_D5_16O-7_1_trim_clean.PE.1.fastq.gz	/groups/banfield/sequences/2023/WaterYear_AC3_D5_16O-7_1/raw.d/WaterYear_AC3_D5_16O-7_1_trim_clean.PE.2.fastq.gz	/groups/banfield/sequences/2023/WaterYear_AC3_D5_16O-7_2/raw.d/WaterYear_AC3_D5_16O-7_2_trim_clean.PE.1.fastq.gz	/groups/banfield/sequences/2023/WaterYear_AC3_D5_16O-7_2/raw.d/WaterYear_AC3_D5_16O-7_2_trim_clean.PE.2.fastq.gz	/groups/banfield/sequences/2023/WaterYear_AC3_D5_16O-7_3/raw.d/WaterYear_AC3_D5_16O-7_3_trim_clean.PE.1.fastq.gz	/groups/banfield/sequences/2023/WaterYear_AC3_D5_16O-7_3/raw.d/WaterYear_AC3_D5_16O-7_3_trim_clean.PE.2.fastq.gz	/groups/banfield/sequences/2023/WaterYear_AC3_D5_16O-7_4/raw.d/WaterYear_AC3_D5_16O-7_4_trim_clean.PE.1.fastq.gz	/groups/banfield/sequences/2023/WaterYear_AC3_D5_16O-7_4/raw.d/WaterYear_AC3_D5_16O-7_4_trim_clean.PE.2.fastq.gz	/groups/banfield/sequences/2023/WaterYear_AC3_D5_16O-7_5/raw.d/WaterYear_AC3_D5_16O-7_5_trim_clean.PE.1.fastq.gz	/groups/banfield/sequences/2023/WaterYear_AC3_D5_16O-7_5/raw.d/WaterYear_AC3_D5_16O-7_5_trim_clean.PE.2.fastq.gz
WaterYear_AC4_D1_coass-16O-0-7	/groups/banfield/scratch/projects/environmental/spot/int/2023/assembly.d/pipeline/results/WaterYear_AC4_D1_coass-16O-0-7/WaterYear_AC4_D1_coass-16O-0-7_scaffold_min1000.fa	/groups/banfield/scratch/projects/environmental/spot/int/2023/bin.d/ggBin/results/WaterYear_AC4_D1_coass-16O-0-7/bins/dastool/results/WaterYear_AC4_D1_coass-16O-0-7.asm.fa.dastool/tables/WaterYear_AC4_D1_coass-16O-0-7.dastool.contig_to_bin.tsv	/groups/banfield/sequences/2023/WaterYear_AC4_D1_16O-0/raw.d/WaterYear_AC4_D1_16O-0_trim_clean.PE.1.fastq.gz	/groups/banfield/sequences/2023/WaterYear_AC4_D1_16O-0/raw.d/WaterYear_AC4_D1_16O-0_trim_clean.PE.2.fastq.gz	/groups/banfield/sequences/2023/WaterYear_AC4_D1_16O-7_1/raw.d/WaterYear_AC4_D1_16O-7_1_trim_clean.PE.1.fastq.gz	/groups/banfield/sequences/2023/WaterYear_AC4_D1_16O-7_1/raw.d/WaterYear_AC4_D1_16O-7_1_trim_clean.PE.2.fastq.gz	/groups/banfield/sequences/2023/WaterYear_AC4_D1_16O-7_2/raw.d/WaterYear_AC4_D1_16O-7_2_trim_clean.PE.1.fastq.gz	/groups/banfield/sequences/2023/WaterYear_AC4_D1_16O-7_2/raw.d/WaterYear_AC4_D1_16O-7_2_trim_clean.PE.2.fastq.gz	/groups/banfield/sequences/2023/WaterYear_AC4_D1_16O-7_3/raw.d/WaterYear_AC4_D1_16O-7_3_trim_clean.PE.1.fastq.gz	/groups/banfield/sequences/2023/WaterYear_AC4_D1_16O-7_3/raw.d/WaterYear_AC4_D1_16O-7_3_trim_clean.PE.2.fastq.gz	/groups/banfield/sequences/2023/WaterYear_AC4_D1_16O-7_4/raw.d/WaterYear_AC4_D1_16O-7_4_trim_clean.PE.1.fastq.gz	/groups/banfield/sequences/2023/WaterYear_AC4_D1_16O-7_4/raw.d/WaterYear_AC4_D1_16O-7_4_trim_clean.PE.2.fastq.gz	/groups/banfield/sequences/2023/WaterYear_AC4_D1_16O-7_5/raw.d/WaterYear_AC4_D1_16O-7_5_trim_clean.PE.1.fastq.gz	/groups/banfield/sequences/2023/WaterYear_AC4_D1_16O-7_5/raw.d/WaterYear_AC4_D1_16O-7_5_trim_clean.PE.2.fastq.gz
WaterYear_AC4_D3_coass-16O-0-7	/groups/banfield/scratch/projects/environmental/spot/int/2023/assembly.d/pipeline/results/WaterYear_AC4_D3_coass-16O-0-7/WaterYear_AC4_D3_coass-16O-0-7_scaffold_min1000.fa	/groups/banfield/scratch/projects/environmental/spot/int/2023/bin.d/ggBin/results/WaterYear_AC4_D3_coass-16O-0-7/bins/dastool/results/WaterYear_AC4_D3_coass-16O-0-7.asm.fa.dastool/tables/WaterYear_AC4_D3_coass-16O-0-7.dastool.contig_to_bin.tsv	/groups/banfield/sequences/2023/WaterYear_AC4_D3_16O-0/raw.d/WaterYear_AC4_D3_16O-0_trim_clean.PE.1.fastq.gz	/groups/banfield/sequences/2023/WaterYear_AC4_D3_16O-0/raw.d/WaterYear_AC4_D3_16O-0_trim_clean.PE.2.fastq.gz	/groups/banfield/sequences/2023/WaterYear_AC4_D3_16O-7_1/raw.d/WaterYear_AC4_D3_16O-7_1_trim_clean.PE.1.fastq.gz	/groups/banfield/sequences/2023/WaterYear_AC4_D3_16O-7_1/raw.d/WaterYear_AC4_D3_16O-7_1_trim_clean.PE.2.fastq.gz	/groups/banfield/sequences/2023/WaterYear_AC4_D3_16O-7_2/raw.d/WaterYear_AC4_D3_16O-7_2_trim_clean.PE.1.fastq.gz	/groups/banfield/sequences/2023/WaterYear_AC4_D3_16O-7_2/raw.d/WaterYear_AC4_D3_16O-7_2_trim_clean.PE.2.fastq.gz	/groups/banfield/sequences/2023/WaterYear_AC4_D3_16O-7_3/raw.d/WaterYear_AC4_D3_16O-7_3_trim_clean.PE.1.fastq.gz	/groups/banfield/sequences/2023/WaterYear_AC4_D3_16O-7_3/raw.d/WaterYear_AC4_D3_16O-7_3_trim_clean.PE.2.fastq.gz	/groups/banfield/sequences/2023/WaterYear_AC4_D3_16O-7_4/raw.d/WaterYear_AC4_D3_16O-7_4_trim_clean.PE.1.fastq.gz	/groups/banfield/sequences/2023/WaterYear_AC4_D3_16O-7_4/raw.d/WaterYear_AC4_D3_16O-7_4_trim_clean.PE.2.fastq.gz	/groups/banfield/sequences/2023/WaterYear_AC4_D3_16O-7_5/raw.d/WaterYear_AC4_D3_16O-7_5_trim_clean.PE.1.fastq.gz	/groups/banfield/sequences/2023/WaterYear_AC4_D3_16O-7_5/raw.d/WaterYear_AC4_D3_16O-7_5_trim_clean.PE.2.fastq.gz
WaterYear_AC4_D5_coass-16O-0-7	/groups/banfield/scratch/projects/environmental/spot/int/2023/assembly.d/pipeline/results/WaterYear_AC4_D5_coass-16O-0-7/WaterYear_AC4_D5_coass-16O-0-7_scaffold_min1000.fa	/groups/banfield/scratch/projects/environmental/spot/int/2023/bin.d/ggBin/results/WaterYear_AC4_D5_coass-16O-0-7/bins/dastool/results/WaterYear_AC4_D5_coass-16O-0-7.asm.fa.dastool/tables/WaterYear_AC4_D5_coass-16O-0-7.dastool.contig_to_bin.tsv	/groups/banfield/sequences/2023/WaterYear_AC4_D5_16O-0/raw.d/WaterYear_AC4_D5_16O-0_trim_clean.PE.1.fastq.gz	/groups/banfield/sequences/2023/WaterYear_AC4_D5_16O-0/raw.d/WaterYear_AC4_D5_16O-0_trim_clean.PE.2.fastq.gz	/groups/banfield/sequences/2023/WaterYear_AC4_D5_16O-7_1/raw.d/WaterYear_AC4_D5_16O-7_1_trim_clean.PE.1.fastq.gz	/groups/banfield/sequences/2023/WaterYear_AC4_D5_16O-7_1/raw.d/WaterYear_AC4_D5_16O-7_1_trim_clean.PE.2.fastq.gz	/groups/banfield/sequences/2023/WaterYear_AC4_D5_16O-7_2/raw.d/WaterYear_AC4_D5_16O-7_2_trim_clean.PE.1.fastq.gz	/groups/banfield/sequences/2023/WaterYear_AC4_D5_16O-7_2/raw.d/WaterYear_AC4_D5_16O-7_2_trim_clean.PE.2.fastq.gz	/groups/banfield/sequences/2023/WaterYear_AC4_D5_16O-7_3/raw.d/WaterYear_AC4_D5_16O-7_3_trim_clean.PE.1.fastq.gz	/groups/banfield/sequences/2023/WaterYear_AC4_D5_16O-7_3/raw.d/WaterYear_AC4_D5_16O-7_3_trim_clean.PE.2.fastq.gz	/groups/banfield/sequences/2023/WaterYear_AC4_D5_16O-7_4/raw.d/WaterYear_AC4_D5_16O-7_4_trim_clean.PE.1.fastq.gz	/groups/banfield/sequences/2023/WaterYear_AC4_D5_16O-7_4/raw.d/WaterYear_AC4_D5_16O-7_4_trim_clean.PE.2.fastq.gz	/groups/banfield/sequences/2023/WaterYear_AC4_D5_16O-7_5/raw.d/WaterYear_AC4_D5_16O-7_5_trim_clean.PE.1.fastq.gz	/groups/banfield/sequences/2023/WaterYear_AC4_D5_16O-7_5/raw.d/WaterYear_AC4_D5_16O-7_5_trim_clean.PE.2.fastq.gz
WaterYear_AC5_D1_coass-16O-0-7	/groups/banfield/scratch/projects/environmental/spot/int/2023/assembly.d/pipeline/results/WaterYear_AC5_D1_coass-16O-0-7/WaterYear_AC5_D1_coass-16O-0-7_scaffold_min1000.fa	/groups/banfield/scratch/projects/environmental/spot/int/2023/bin.d/ggBin/results/WaterYear_AC5_D1_coass-16O-0-7/bins/dastool/results/WaterYear_AC5_D1_coass-16O-0-7.asm.fa.dastool/tables/WaterYear_AC5_D1_coass-16O-0-7.dastool.contig_to_bin.tsv	/groups/banfield/sequences/2023/WaterYear_AC5_D1_16O-0/raw.d/WaterYear_AC5_D1_16O-0_trim_clean.PE.1.fastq.gz	/groups/banfield/sequences/2023/WaterYear_AC5_D1_16O-0/raw.d/WaterYear_AC5_D1_16O-0_trim_clean.PE.2.fastq.gz	/groups/banfield/sequences/2023/WaterYear_AC5_D1_16O-7_1/raw.d/WaterYear_AC5_D1_16O-7_1_trim_clean.PE.1.fastq.gz	/groups/banfield/sequences/2023/WaterYear_AC5_D1_16O-7_1/raw.d/WaterYear_AC5_D1_16O-7_1_trim_clean.PE.2.fastq.gz	/groups/banfield/sequences/2023/WaterYear_AC5_D1_16O-7_2/raw.d/WaterYear_AC5_D1_16O-7_2_trim_clean.PE.1.fastq.gz	/groups/banfield/sequences/2023/WaterYear_AC5_D1_16O-7_2/raw.d/WaterYear_AC5_D1_16O-7_2_trim_clean.PE.2.fastq.gz	/groups/banfield/sequences/2023/WaterYear_AC5_D1_16O-7_3/raw.d/WaterYear_AC5_D1_16O-7_3_trim_clean.PE.1.fastq.gz	/groups/banfield/sequences/2023/WaterYear_AC5_D1_16O-7_3/raw.d/WaterYear_AC5_D1_16O-7_3_trim_clean.PE.2.fastq.gz	/groups/banfield/sequences/2023/WaterYear_AC5_D1_16O-7_4/raw.d/WaterYear_AC5_D1_16O-7_4_trim_clean.PE.1.fastq.gz	/groups/banfield/sequences/2023/WaterYear_AC5_D1_16O-7_4/raw.d/WaterYear_AC5_D1_16O-7_4_trim_clean.PE.2.fastq.gz	/groups/banfield/sequences/2023/WaterYear_AC5_D1_16O-7_5/raw.d/WaterYear_AC5_D1_16O-7_5_trim_clean.PE.1.fastq.gz	/groups/banfield/sequences/2023/WaterYear_AC5_D1_16O-7_5/raw.d/WaterYear_AC5_D1_16O-7_5_trim_clean.PE.2.fastq.gz
WaterYear_AC5_D3_coass-16O-0-7	/groups/banfield/scratch/projects/environmental/spot/int/2023/assembly.d/pipeline/results/WaterYear_AC5_D3_coass-16O-0-7/WaterYear_AC5_D3_coass-16O-0-7_scaffold_min1000.fa	/groups/banfield/scratch/projects/environmental/spot/int/2023/bin.d/ggBin/results/WaterYear_AC5_D3_coass-16O-0-7/bins/dastool/results/WaterYear_AC5_D3_coass-16O-0-7.asm.fa.dastool/tables/WaterYear_AC5_D3_coass-16O-0-7.dastool.contig_to_bin.tsv	/groups/banfield/sequences/2023/WaterYear_AC5_D3_16O-0/raw.d/WaterYear_AC5_D3_16O-0_trim_clean.PE.1.fastq.gz	/groups/banfield/sequences/2023/WaterYear_AC5_D3_16O-0/raw.d/WaterYear_AC5_D3_16O-0_trim_clean.PE.2.fastq.gz	/groups/banfield/sequences/2023/WaterYear_AC5_D3_16O-7_1/raw.d/WaterYear_AC5_D3_16O-7_1_trim_clean.PE.1.fastq.gz	/groups/banfield/sequences/2023/WaterYear_AC5_D3_16O-7_1/raw.d/WaterYear_AC5_D3_16O-7_1_trim_clean.PE.2.fastq.gz	/groups/banfield/sequences/2023/WaterYear_AC5_D3_16O-7_2/raw.d/WaterYear_AC5_D3_16O-7_2_trim_clean.PE.1.fastq.gz	/groups/banfield/sequences/2023/WaterYear_AC5_D3_16O-7_2/raw.d/WaterYear_AC5_D3_16O-7_2_trim_clean.PE.2.fastq.gz	/groups/banfield/sequences/2023/WaterYear_AC5_D3_16O-7_3/raw.d/WaterYear_AC5_D3_16O-7_3_trim_clean.PE.1.fastq.gz	/groups/banfield/sequences/2023/WaterYear_AC5_D3_16O-7_3/raw.d/WaterYear_AC5_D3_16O-7_3_trim_clean.PE.2.fastq.gz	/groups/banfield/sequences/2023/WaterYear_AC5_D3_16O-7_4/raw.d/WaterYear_AC5_D3_16O-7_4_trim_clean.PE.1.fastq.gz	/groups/banfield/sequences/2023/WaterYear_AC5_D3_16O-7_4/raw.d/WaterYear_AC5_D3_16O-7_4_trim_clean.PE.2.fastq.gz	/groups/banfield/sequences/2023/WaterYear_AC5_D3_16O-7_5/raw.d/WaterYear_AC5_D3_16O-7_5_trim_clean.PE.1.fastq.gz	/groups/banfield/sequences/2023/WaterYear_AC5_D3_16O-7_5/raw.d/WaterYear_AC5_D3_16O-7_5_trim_clean.PE.2.fastq.gz
WaterYear_AC5_D5_coass-16O-0-7	/groups/banfield/scratch/projects/environmental/spot/int/2023/assembly.d/pipeline/results/WaterYear_AC5_D5_coass-16O-0-7/WaterYear_AC5_D5_coass-16O-0-7_scaffold_min1000.fa	/groups/banfield/scratch/projects/environmental/spot/int/2023/bin.d/ggBin/results/WaterYear_AC5_D5_coass-16O-0-7/bins/dastool/results/WaterYear_AC5_D5_coass-16O-0-7.asm.fa.dastool/tables/WaterYear_AC5_D5_coass-16O-0-7.dastool.contig_to_bin.tsv	/groups/banfield/sequences/2023/WaterYear_AC5_D5_16O-0/raw.d/WaterYear_AC5_D5_16O-0_trim_clean.PE.1.fastq.gz	/groups/banfield/sequences/2023/WaterYear_AC5_D5_16O-0/raw.d/WaterYear_AC5_D5_16O-0_trim_clean.PE.2.fastq.gz	/groups/banfield/sequences/2023/WaterYear_AC5_D5_16O-7_1/raw.d/WaterYear_AC5_D5_16O-7_1_trim_clean.PE.1.fastq.gz	/groups/banfield/sequences/2023/WaterYear_AC5_D5_16O-7_1/raw.d/WaterYear_AC5_D5_16O-7_1_trim_clean.PE.2.fastq.gz	/groups/banfield/sequences/2023/WaterYear_AC5_D5_16O-7_2/raw.d/WaterYear_AC5_D5_16O-7_2_trim_clean.PE.1.fastq.gz	/groups/banfield/sequences/2023/WaterYear_AC5_D5_16O-7_2/raw.d/WaterYear_AC5_D5_16O-7_2_trim_clean.PE.2.fastq.gz	/groups/banfield/sequences/2023/WaterYear_AC5_D5_16O-7_3/raw.d/WaterYear_AC5_D5_16O-7_3_trim_clean.PE.1.fastq.gz	/groups/banfield/sequences/2023/WaterYear_AC5_D5_16O-7_3/raw.d/WaterYear_AC5_D5_16O-7_3_trim_clean.PE.2.fastq.gz	/groups/banfield/sequences/2023/WaterYear_AC5_D5_16O-7_4/raw.d/WaterYear_AC5_D5_16O-7_4_trim_clean.PE.1.fastq.gz	/groups/banfield/sequences/2023/WaterYear_AC5_D5_16O-7_4/raw.d/WaterYear_AC5_D5_16O-7_4_trim_clean.PE.2.fastq.gz	/groups/banfield/sequences/2023/WaterYear_AC5_D5_16O-7_5/raw.d/WaterYear_AC5_D5_16O-7_5_trim_clean.PE.1.fastq.gz	/groups/banfield/sequences/2023/WaterYear_AC5_D5_16O-7_5/raw.d/WaterYear_AC5_D5_16O-7_5_trim_clean.PE.2.fastq.gz
WaterYear_AC7_D1_coass-16O-0-7	/groups/banfield/scratch/projects/environmental/spot/int/2023/assembly.d/pipeline/results/WaterYear_AC7_D1_coass-16O-0-7/WaterYear_AC7_D1_coass-16O-0-7_scaffold_min1000.fa	/groups/banfield/scratch/projects/environmental/spot/int/2023/bin.d/ggBin/results/WaterYear_AC7_D1_coass-16O-0-7/bins/dastool/results/WaterYear_AC7_D1_coass-16O-0-7.asm.fa.dastool/tables/WaterYear_AC7_D1_coass-16O-0-7.dastool.contig_to_bin.tsv	/groups/banfield/sequences/2023/WaterYear_AC7_D1_16O-0/raw.d/WaterYear_AC7_D1_16O-0_trim_clean.PE.1.fastq.gz	/groups/banfield/sequences/2023/WaterYear_AC7_D1_16O-0/raw.d/WaterYear_AC7_D1_16O-0_trim_clean.PE.2.fastq.gz	/groups/banfield/sequences/2023/WaterYear_AC7_D1_16O-7_1/raw.d/WaterYear_AC7_D1_16O-7_1_trim_clean.PE.1.fastq.gz	/groups/banfield/sequences/2023/WaterYear_AC7_D1_16O-7_1/raw.d/WaterYear_AC7_D1_16O-7_1_trim_clean.PE.2.fastq.gz	/groups/banfield/sequences/2023/WaterYear_AC7_D1_16O-7_2/raw.d/WaterYear_AC7_D1_16O-7_2_trim_clean.PE.1.fastq.gz	/groups/banfield/sequences/2023/WaterYear_AC7_D1_16O-7_2/raw.d/WaterYear_AC7_D1_16O-7_2_trim_clean.PE.2.fastq.gz	/groups/banfield/sequences/2023/WaterYear_AC7_D1_16O-7_3/raw.d/WaterYear_AC7_D1_16O-7_3_trim_clean.PE.1.fastq.gz	/groups/banfield/sequences/2023/WaterYear_AC7_D1_16O-7_3/raw.d/WaterYear_AC7_D1_16O-7_3_trim_clean.PE.2.fastq.gz	/groups/banfield/sequences/2023/WaterYear_AC7_D1_16O-7_4/raw.d/WaterYear_AC7_D1_16O-7_4_trim_clean.PE.1.fastq.gz	/groups/banfield/sequences/2023/WaterYear_AC7_D1_16O-7_4/raw.d/WaterYear_AC7_D1_16O-7_4_trim_clean.PE.2.fastq.gz	/groups/banfield/sequences/2023/WaterYear_AC7_D1_16O-7_5/raw.d/WaterYear_AC7_D1_16O-7_5_trim_clean.PE.1.fastq.gz	/groups/banfield/sequences/2023/WaterYear_AC7_D1_16O-7_5/raw.d/WaterYear_AC7_D1_16O-7_5_trim_clean.PE.2.fastq.gz
WaterYear_AC7_D3_coass-16O-0-7	/groups/banfield/scratch/projects/environmental/spot/int/2023/assembly.d/pipeline/results/WaterYear_AC7_D3_coass-16O-0-7/WaterYear_AC7_D3_coass-16O-0-7_scaffold_min1000.fa	/groups/banfield/scratch/projects/environmental/spot/int/2023/bin.d/ggBin/results/WaterYear_AC7_D3_coass-16O-0-7/bins/dastool/results/WaterYear_AC7_D3_coass-16O-0-7.asm.fa.dastool/tables/WaterYear_AC7_D3_coass-16O-0-7.dastool.contig_to_bin.tsv	/groups/banfield/sequences/2023/WaterYear_AC7_D3_16O-0/raw.d/WaterYear_AC7_D3_16O-0_trim_clean.PE.1.fastq.gz	/groups/banfield/sequences/2023/WaterYear_AC7_D3_16O-0/raw.d/WaterYear_AC7_D3_16O-0_trim_clean.PE.2.fastq.gz	/groups/banfield/sequences/2023/WaterYear_AC7_D3_16O-7_1/raw.d/WaterYear_AC7_D3_16O-7_1_trim_clean.PE.1.fastq.gz	/groups/banfield/sequences/2023/WaterYear_AC7_D3_16O-7_1/raw.d/WaterYear_AC7_D3_16O-7_1_trim_clean.PE.2.fastq.gz	/groups/banfield/sequences/2023/WaterYear_AC7_D3_16O-7_2/raw.d/WaterYear_AC7_D3_16O-7_2_trim_clean.PE.1.fastq.gz	/groups/banfield/sequences/2023/WaterYear_AC7_D3_16O-7_2/raw.d/WaterYear_AC7_D3_16O-7_2_trim_clean.PE.2.fastq.gz	/groups/banfield/sequences/2023/WaterYear_AC7_D3_16O-7_3/raw.d/WaterYear_AC7_D3_16O-7_3_trim_clean.PE.1.fastq.gz	/groups/banfield/sequences/2023/WaterYear_AC7_D3_16O-7_3/raw.d/WaterYear_AC7_D3_16O-7_3_trim_clean.PE.2.fastq.gz	/groups/banfield/sequences/2023/WaterYear_AC7_D3_16O-7_4/raw.d/WaterYear_AC7_D3_16O-7_4_trim_clean.PE.1.fastq.gz	/groups/banfield/sequences/2023/WaterYear_AC7_D3_16O-7_4/raw.d/WaterYear_AC7_D3_16O-7_4_trim_clean.PE.2.fastq.gz	/groups/banfield/sequences/2023/WaterYear_AC7_D3_16O-7_5/raw.d/WaterYear_AC7_D3_16O-7_5_trim_clean.PE.1.fastq.gz	/groups/banfield/sequences/2023/WaterYear_AC7_D3_16O-7_5/raw.d/WaterYear_AC7_D3_16O-7_5_trim_clean.PE.2.fastq.gz
WaterYear_AC7_D5_coass-16O-0-7	/groups/banfield/scratch/projects/environmental/spot/int/2023/assembly.d/pipeline/results/WaterYear_AC7_D5_coass-16O-0-7/WaterYear_AC7_D5_coass-16O-0-7_scaffold_min1000.fa	/groups/banfield/scratch/projects/environmental/spot/int/2023/bin.d/ggBin/results/WaterYear_AC7_D5_coass-16O-0-7/bins/dastool/results/WaterYear_AC7_D5_coass-16O-0-7.asm.fa.dastool/tables/WaterYear_AC7_D5_coass-16O-0-7.dastool.contig_to_bin.tsv	/groups/banfield/sequences/2023/WaterYear_AC7_D5_16O-0/raw.d/WaterYear_AC7_D5_16O-0_trim_clean.PE.1.fastq.gz	/groups/banfield/sequences/2023/WaterYear_AC7_D5_16O-0/raw.d/WaterYear_AC7_D5_16O-0_trim_clean.PE.2.fastq.gz	/groups/banfield/sequences/2023/WaterYear_AC7_D5_16O-7_1/raw.d/WaterYear_AC7_D5_16O-7_1_trim_clean.PE.1.fastq.gz	/groups/banfield/sequences/2023/WaterYear_AC7_D5_16O-7_1/raw.d/WaterYear_AC7_D5_16O-7_1_trim_clean.PE.2.fastq.gz	/groups/banfield/sequences/2023/WaterYear_AC7_D5_16O-7_2/raw.d/WaterYear_AC7_D5_16O-7_2_trim_clean.PE.1.fastq.gz	/groups/banfield/sequences/2023/WaterYear_AC7_D5_16O-7_2/raw.d/WaterYear_AC7_D5_16O-7_2_trim_clean.PE.2.fastq.gz	/groups/banfield/sequences/2023/WaterYear_AC7_D5_16O-7_3/raw.d/WaterYear_AC7_D5_16O-7_3_trim_clean.PE.1.fastq.gz	/groups/banfield/sequences/2023/WaterYear_AC7_D5_16O-7_3/raw.d/WaterYear_AC7_D5_16O-7_3_trim_clean.PE.2.fastq.gz	/groups/banfield/sequences/2023/WaterYear_AC7_D5_16O-7_4/raw.d/WaterYear_AC7_D5_16O-7_4_trim_clean.PE.1.fastq.gz	/groups/banfield/sequences/2023/WaterYear_AC7_D5_16O-7_4/raw.d/WaterYear_AC7_D5_16O-7_4_trim_clean.PE.2.fastq.gz	/groups/banfield/sequences/2023/WaterYear_AC7_D5_16O-7_5/raw.d/WaterYear_AC7_D5_16O-7_5_trim_clean.PE.1.fastq.gz	/groups/banfield/sequences/2023/WaterYear_AC7_D5_16O-7_5/raw.d/WaterYear_AC7_D5_16O-7_5_trim_clean.PE.2.fastq.gz
WaterYear_AC9_D3_coass-16O-0-7	/groups/banfield/scratch/projects/environmental/spot/int/2023/assembly.d/pipeline/results/WaterYear_AC9_D3_coass-16O-0-7/WaterYear_AC9_D3_coass-16O-0-7_scaffold_min1000.fa	/groups/banfield/scratch/projects/environmental/spot/int/2023/bin.d/ggBin/results/WaterYear_AC9_D3_coass-16O-0-7/bins/dastool/results/WaterYear_AC9_D3_coass-16O-0-7.asm.fa.dastool/tables/WaterYear_AC9_D3_coass-16O-0-7.dastool.contig_to_bin.tsv	/groups/banfield/sequences/2023/WaterYear_AC9_D3_16O-0/raw.d/WaterYear_AC9_D3_16O-0_trim_clean.PE.1.fastq.gz	/groups/banfield/sequences/2023/WaterYear_AC9_D3_16O-0/raw.d/WaterYear_AC9_D3_16O-0_trim_clean.PE.2.fastq.gz	/groups/banfield/sequences/2023/WaterYear_AC9_D3_16O-7_1/raw.d/WaterYear_AC9_D3_16O-7_1_trim_clean.PE.1.fastq.gz	/groups/banfield/sequences/2023/WaterYear_AC9_D3_16O-7_1/raw.d/WaterYear_AC9_D3_16O-7_1_trim_clean.PE.2.fastq.gz	/groups/banfield/sequences/2023/WaterYear_AC9_D3_16O-7_2/raw.d/WaterYear_AC9_D3_16O-7_2_trim_clean.PE.1.fastq.gz	/groups/banfield/sequences/2023/WaterYear_AC9_D3_16O-7_2/raw.d/WaterYear_AC9_D3_16O-7_2_trim_clean.PE.2.fastq.gz	/groups/banfield/sequences/2023/WaterYear_AC9_D3_16O-7_3/raw.d/WaterYear_AC9_D3_16O-7_3_trim_clean.PE.1.fastq.gz	/groups/banfield/sequences/2023/WaterYear_AC9_D3_16O-7_3/raw.d/WaterYear_AC9_D3_16O-7_3_trim_clean.PE.2.fastq.gz	/groups/banfield/sequences/2023/WaterYear_AC9_D3_16O-7_4/raw.d/WaterYear_AC9_D3_16O-7_4_trim_clean.PE.1.fastq.gz	/groups/banfield/sequences/2023/WaterYear_AC9_D3_16O-7_4/raw.d/WaterYear_AC9_D3_16O-7_4_trim_clean.PE.2.fastq.gz	/groups/banfield/sequences/2023/WaterYear_AC9_D3_16O-7_5/raw.d/WaterYear_AC9_D3_16O-7_5_trim_clean.PE.1.fastq.gz	/groups/banfield/sequences/2023/WaterYear_AC9_D3_16O-7_5/raw.d/WaterYear_AC9_D3_16O-7_5_trim_clean.PE.2.fastq.gz
WaterYear_AC9_D5_coass-16O-0-7	/groups/banfield/scratch/projects/environmental/spot/int/2023/assembly.d/pipeline/results/WaterYear_AC9_D5_coass-16O-0-7/WaterYear_AC9_D5_coass-16O-0-7_scaffold_min1000.fa	/groups/banfield/scratch/projects/environmental/spot/int/2023/bin.d/ggBin/results/WaterYear_AC9_D5_coass-16O-0-7/bins/dastool/results/WaterYear_AC9_D5_coass-16O-0-7.asm.fa.dastool/tables/WaterYear_AC9_D5_coass-16O-0-7.dastool.contig_to_bin.tsv	/groups/banfield/sequences/2023/WaterYear_AC9_D5_16O-0/raw.d/WaterYear_AC9_D5_16O-0_trim_clean.PE.1.fastq.gz	/groups/banfield/sequences/2023/WaterYear_AC9_D5_16O-0/raw.d/WaterYear_AC9_D5_16O-0_trim_clean.PE.2.fastq.gz	/groups/banfield/sequences/2023/WaterYear_AC9_D5_16O-7_1/raw.d/WaterYear_AC9_D5_16O-7_1_trim_clean.PE.1.fastq.gz	/groups/banfield/sequences/2023/WaterYear_AC9_D5_16O-7_1/raw.d/WaterYear_AC9_D5_16O-7_1_trim_clean.PE.2.fastq.gz	/groups/banfield/sequences/2023/WaterYear_AC9_D5_16O-7_2/raw.d/WaterYear_AC9_D5_16O-7_2_trim_clean.PE.1.fastq.gz	/groups/banfield/sequences/2023/WaterYear_AC9_D5_16O-7_2/raw.d/WaterYear_AC9_D5_16O-7_2_trim_clean.PE.2.fastq.gz	/groups/banfield/sequences/2023/WaterYear_AC9_D5_16O-7_3/raw.d/WaterYear_AC9_D5_16O-7_3_trim_clean.PE.1.fastq.gz	/groups/banfield/sequences/2023/WaterYear_AC9_D5_16O-7_3/raw.d/WaterYear_AC9_D5_16O-7_3_trim_clean.PE.2.fastq.gz	/groups/banfield/sequences/2023/WaterYear_AC9_D5_16O-7_4/raw.d/WaterYear_AC9_D5_16O-7_4_trim_clean.PE.1.fastq.gz	/groups/banfield/sequences/2023/WaterYear_AC9_D5_16O-7_4/raw.d/WaterYear_AC9_D5_16O-7_4_trim_clean.PE.2.fastq.gz	/groups/banfield/sequences/2023/WaterYear_AC9_D5_16O-7_5/raw.d/WaterYear_AC9_D5_16O-7_5_trim_clean.PE.1.fastq.gz	/groups/banfield/sequences/2023/WaterYear_AC9_D5_16O-7_5/raw.d/WaterYear_AC9_D5_16O-7_5_trim_clean.PE.2.fastq.gz
WaterYear_AC9_D1_coass-16O-0-7	/groups/banfield/scratch/projects/environmental/spot/int/2023/assembly.d/pipeline/results/WaterYear_AC9_D1_coass-16O-0-7/WaterYear_AC9_D1_coass-16O-0-7_scaffold_min1000.fa	/groups/banfield/scratch/projects/environmental/spot/int/2023/bin.d/ggBin/results/WaterYear_AC9_D1_coass-16O-0-7/bins/dastool/results/WaterYear_AC9_D1_coass-16O-0-7.asm.fa.dastool/tables/WaterYear_AC9_D1_coass-16O-0-7.dastool.contig_to_bin.tsv	/groups/banfield/sequences/2023/WaterYear_AC9_D1_16O-0/raw.d/WaterYear_AC9_D1_16O-0_trim_clean.PE.1.fastq.gz	/groups/banfield/sequences/2023/WaterYear_AC9_D1_16O-0/raw.d/WaterYear_AC9_D1_16O-0_trim_clean.PE.2.fastq.gz	/groups/banfield/sequences/2023/WaterYear_AC9_D1_16O-7_1/raw.d/WaterYear_AC9_D1_16O-7_1_trim_clean.PE.1.fastq.gz	/groups/banfield/sequences/2023/WaterYear_AC9_D1_16O-7_1/raw.d/WaterYear_AC9_D1_16O-7_1_trim_clean.PE.2.fastq.gz	/groups/banfield/sequences/2023/WaterYear_AC9_D1_16O-7_2/raw.d/WaterYear_AC9_D1_16O-7_2_trim_clean.PE.1.fastq.gz	/groups/banfield/sequences/2023/WaterYear_AC9_D1_16O-7_2/raw.d/WaterYear_AC9_D1_16O-7_2_trim_clean.PE.2.fastq.gz	/groups/banfield/sequences/2023/WaterYear_AC9_D1_16O-7_3/raw.d/WaterYear_AC9_D1_16O-7_3_trim_clean.PE.1.fastq.gz	/groups/banfield/sequences/2023/WaterYear_AC9_D1_16O-7_3/raw.d/WaterYear_AC9_D1_16O-7_3_trim_clean.PE.2.fastq.gz	/groups/banfield/sequences/2023/WaterYear_AC9_D1_16O-7_4/raw.d/WaterYear_AC9_D1_16O-7_4_trim_clean.PE.1.fastq.gz	/groups/banfield/sequences/2023/WaterYear_AC9_D1_16O-7_4/raw.d/WaterYear_AC9_D1_16O-7_4_trim_clean.PE.2.fastq.gz	/groups/banfield/sequences/2023/WaterYear_AC9_D1_16O-7_5/raw.d/WaterYear_AC9_D1_16O-7_5_trim_clean.PE.1.fastq.gz	/groups/banfield/sequences/2023/WaterYear_AC9_D1_16O-7_5/raw.d/WaterYear_AC9_D1_16O-7_5_trim_clean.PE.2.fastq.gz
WaterYear_AC4_D1_MH	/groups/banfield/scratch/projects/environmental/spot/int/2023/assembly.d/pipeline/results/WaterYear_AC4_D1_coass-16O-0-7/WaterYear_AC4_D1_coass-16O-0-7_scaffold_min1000.fa	/groups/banfield/scratch/projects/environmental/spot/int/2023/bin.d/ggBin/results/WaterYear_AC4_D1_coass-16O-0-7/bins/dastool/results/WaterYear_AC4_D1_coass-16O-0-7.asm.fa.dastool/tables/WaterYear_AC4_D1_coass-16O-0-7.dastool.contig_to_bin.tsv	/groups/banfield/sequences/2023/WaterYear_AC4_D1_16O-0/raw.d/WaterYear_AC4_D1_16O-0_trim_clean.PE.1.fastq.gz	/groups/banfield/sequences/2023/WaterYear_AC4_D1_16O-0/raw.d/WaterYear_AC4_D1_16O-0_trim_clean.PE.2.fastq.gz	/groups/banfield/sequences/2023/WaterYear_AC4_D1_16O-7_1/raw.d/WaterYear_AC4_D1_16O-7_1_trim_clean.PE.1.fastq.gz	/groups/banfield/sequences/2023/WaterYear_AC4_D1_16O-7_1/raw.d/WaterYear_AC4_D1_16O-7_1_trim_clean.PE.2.fastq.gz	/groups/banfield/sequences/2023/WaterYear_AC4_D1_16O-7_2/raw.d/WaterYear_AC4_D1_16O-7_2_trim_clean.PE.1.fastq.gz	/groups/banfield/sequences/2023/WaterYear_AC4_D1_16O-7_2/raw.d/WaterYear_AC4_D1_16O-7_2_trim_clean.PE.2.fastq.gz	/groups/banfield/sequences/2023/WaterYear_AC4_D1_16O-7_3/raw.d/WaterYear_AC4_D1_16O-7_3_trim_clean.PE.1.fastq.gz	/groups/banfield/sequences/2023/WaterYear_AC4_D1_16O-7_3/raw.d/WaterYear_AC4_D1_16O-7_3_trim_clean.PE.2.fastq.gz	/groups/banfield/sequences/2023/WaterYear_AC4_D1_16O-7_4/raw.d/WaterYear_AC4_D1_16O-7_4_trim_clean.PE.1.fastq.gz	/groups/banfield/sequences/2023/WaterYear_AC4_D1_16O-7_4/raw.d/WaterYear_AC4_D1_16O-7_4_trim_clean.PE.2.fastq.gz	/groups/banfield/sequences/2023/WaterYear_AC4_D1_16O-7_5/raw.d/WaterYear_AC4_D1_16O-7_5_trim_clean.PE.1.fastq.gz	/groups/banfield/sequences/2023/WaterYear_AC4_D1_16O-7_5/raw.d/WaterYear_AC4_D1_16O-7_5_trim_clean.PE.2.fastq.gz
